{"cameraMode":{"drawMode":0,"name":"Shaded","section":"Shading Mode"},"sceneLighting":true,"audioPlay":false,"sceneViewState":{"showFog":true,"showMaterialUpdate":false,"showSkybox":true,"showFlares":true,"showImageEffects":true,"showParticleSystems":true,"showVisualEffectGraphs":true,"m_FxEnabled":true},"in2DMode":false,"pivot":{"x":-8.318225860595704,"y":-3.8172800540924074,"z":-18.84641456604004},"rotation":{"x":0.045876942574977878,"y":-0.9001747965812683,"z":0.09787993878126145,"w":0.42190611362457278},"size":12.461819648742676,"orthographic":false}